	갓츄 (GOT U)	남성	그룹	1937
0	2PM	남성	그룹	22241
1	엠투엠 (M To M)	남성	솔로	4007
2	효민	여성	솔로	4177
3	코요태	혼성	그룹	10065
4	최준영	남성	솔로	92
5	PRISTIN (프리스틴)	여성	그룹	12458
6	써니힐	여성	그룹	14961
7	김보아	여성	솔로	909
8	양요섭	남성	솔로	51578
9	간종욱	남성	솔로	405
10	티아라 N4	여성	그룹	1805
11	조정석	남성	솔로	14406
12	신화	남성	그룹	42422
13	긱스 (Geeks)	남성	그룹	29865
14	스윗 콧소로우 (정준하 & 스윗소로우)	남성	그룹	271
15	이영지	여성	솔로	17954
16	JYJ	남성	그룹	29818
17	원더걸스	여성	그룹	33950
18	진민호	남성	솔로	2352
19	H-유진	남성	솔로	391
20	정엽	남성	솔로	8815
21	장미여관	남성	그룹	6182
22	GRAY (그레이)	남성	솔로	77885
23	Jvcki Wai	여성	솔로	40492
24	언터쳐블	남성	그룹	4142
25	예성 (YESUNG)	남성	솔로	18932
26	반하나	여성	솔로	10418
27	하진 (HAJIN)	여성	솔로	2909
28	하하	남성	솔로	5037
29	AKMU (악동뮤지션)	혼성	그룹	221188
30	비룡	남성	솔로	2494
31	정키	남성	솔로	38262
32	제국의아이들 (ZE:A)	남성	그룹	4972
33	클로버	혼성	그룹	2210
34	하이라이트 (Highlight)	남성	그룹	82189
35	서영은	여성	솔로	8630
36	댄싱게놈 (유재석, JYP)	남성	그룹	2052
37	키썸 (Kisum)	여성	솔로	32158
38	종현 (JONGHYUN)	남성	솔로	96568
39	이진아	여성	솔로	31367
40	상주나 (정준하, 윤상)	남성	그룹	1033
41	넬 (NELL)	남성	그룹	64050
42	강다니엘	남성	솔로	69431
43	존박	남성	솔로	27126
44	더 씨야	여성	그룹	1562
45	첸 (CHEN)	남성	솔로	144103
46	정세운	남성	솔로	42294
47	경서예지	여성	그룹	3008
48	JK 김동욱	남성	솔로	3668
49	박경	남성	솔로	34343
50	박우진 (AB6IX)	남성	솔로	37515
51	알리 (ALi)	여성	솔로	20990
52	H.O.T.	남성	그룹	18856
53	크레파스	여성	그룹	2731
54	디유닛	여성	그룹	571
55	히키 (Hickee)	여성	솔로	1817
56	소진 (Sojin)	여성	솔로	7028
57	샤넌	여성	솔로	7751
58	박정아	여성	솔로	475
59	제시 (Jessi)	여성	솔로	28985
60	왁스	여성	솔로	6649
61	길	남성	솔로	8345
62	Of 비스트	남성	그룹	5142
63	이하이	여성	솔로	69402
64	리쌍	남성	그룹	48471
65	김성규	남성	솔로	57882
66	MOBB (MINO & BOBBY)	남성	그룹	13549
67	플로우식 (Flowsik)	남성	솔로	6030
68	빅스타	남성	그룹	1184
69	블루 (BLOO)	남성	솔로	31790
70	우먼파워	여성	그룹	69
71	하하 X MINO	남성	그룹	2599
72	현빈	남성	솔로	2177
73	가희	여성	솔로	570
74	오윤혜	여성	솔로	1281
75	하은요셉	남성	그룹	1335
76	DK	남성	솔로	5195
77	딘딘	남성	솔로	10379
78	솔지하니 (EXID)	여성	그룹	2450
79	김호중	남성	솔로	40513
80	The One (더원)	남성	솔로	11446
81	송하예	여성	솔로	14066
82	에일리(AILEE)	여성	솔로	116827
83	이상순	남성	솔로	2520
84	Osshun Gum	남성	솔로	14904
85	옥주현	여성	솔로	4453
86	박정현	여성	솔로	33873
87	파리돼지앵 (정형돈 & 정재형)	남성	그룹	259
88	승리	남성	솔로	32198
89	이석훈	남성	솔로	19669
90	이예준	여성	솔로	13509
91	강승윤	남성	솔로	41790
92	조성모	남성	솔로	9195
93	현아	여성	솔로	39887
94	레드벨벳-아이린&슬기	여성	그룹	14038
95	PRODUCE 101	남성	그룹	30211
96	이적	남성	솔로	48734
97	정준하	남성	솔로	1662
98	X1 (엑스원)	남성	그룹	39988
99	지오 (G.O)	남성	솔로	1434
100	틴탑	남성	그룹	19077
101	노홍철	남성	솔로	1164
102	유재석	남성	솔로	11848
103	뉴이스트 W	남성	그룹	69985
104	영탁	남성	솔로	28564
105	박혜경	여성	솔로	5166
106	미란이 (Mirani)	여성	솔로	13728
107	SHINee (샤이니)	남성	그룹	127149
108	비투비	남성	그룹	198816
109	T.O.P	남성	솔로	33303
110	테이크 (TAKE)	남성	그룹	4508
111	버나드 박	남성	솔로	8567
112	국.슈 (국프의 핫이슈)	여성	그룹	843
113	펀치넬로 (punchnello)	남성	솔로	19036
114	IZ*ONE (아이즈원)	여성	그룹	85020
115	ASH ISLAND	남성	솔로	67895
116	제이큐티	여성	그룹	175
117	럼블피쉬	여성	솔로	7700
118	MJ (써니사이드)	남성	솔로	7706
119	Woodie Gochild	남성	솔로	8117
120	간미연	여성	솔로	996
121	방탄소년단	남성	그룹	766605
122	지연	솔로	여성	7292
123	백현 (BAEKHYUN)	남성	솔로	238751
124	한동근	남성	솔로	28897
125	전효성	여성	솔로	7237
126	레디 (Reddy)	남성	솔로	17346
127	엄정화	여성	솔로	7790
128	허영생	남성	솔로	3020
129	JJ Project	남성	그룹	27164
130	예지	여성	솔로	10990
131	보아 (BoA)	여성	솔로	46019
132	휘인 (Whee In)	여성	솔로	47412
133	박보람	여성	솔로	21023
134	FIX	남성	그룹	154
135	BLACKPINK	여성	그룹	204360
136	뉴이스트	남성	그룹	95855
137	JIN (러블리즈)	여성	솔로	6599
138	황치열	남성	솔로	56699
139	SE7EN	남성	솔로	2977
140	f(x)	여성	그룹	68903
141	Ja Mezz	남성	솔로	8788
142	씨스타19	여성	그룹	4426
143	Justin Bieber	남성	솔로	65540
144	김영근	남성	솔로	5621
145	차지연	여성	솔로	3394
146	15& (박지민, 백예린)	여성	그룹	15890
147	장현승	남성	솔로	12067
148	마이네임	남성	그룹	2146
149	강균성 (노을)	남성	솔로	2287
150	핫펠트 (HA:TFELT)	여성	솔로	15456
151	EXO-CBX (첸백시)	남성	그룹	153892
152	숀 (SHAUN)	남성	솔로	20502
153	인피니트	남성	그룹	108268
154	전미도	여성	솔로	8483
155	염따	남성	솔로	27203
156	장재인	여성	솔로	14106
157	Lasse Lindh	남성	솔로	15234
158	청하	여성	솔로	97421
159	pH-1	남성	솔로	61331
160	우디 (Woody)	남성	솔로	4870
161	한해	남성	솔로	16936
162	유승우	남성	솔로	25283
163	적재	남성	솔로	36548
164	로꼬	남성	솔로	121027
165	EXID	여성	그룹	58038
166	머쉬베놈 (MUSHVENOM)	남성	솔로	23230
167	국카스텐	남성	그룹	29923
168	쿨 (COOL)	혼성	그룹	16138
169	소찬휘	여성	솔로	3939
170	VIXX (빅스)	남성	그룹	70799
171	씨스타	여성	그룹	70571
172	전인혁 (야다)	남성	솔로	471
173	서인국	남성	솔로	27691
174	신지	여성	솔로	2878
175	노블레스	남성	솔로	1990
176	김형준	남성	솔로	1620
177	팬텀	남성	그룹	10422
178	소녀시대 (GIRLS' GENERATION)	여성	그룹	103844
179	미쓰에이	여성	그룹	21091
180	부가킹즈	남성	그룹	824
181	원슈타인	남성	솔로	22456
182	이효리	여성	솔로	16278
183	올티 (Olltii)	남성	솔로	16290
184	피에스타	여성	그룹	7752
185	박명수	남성	솔로	4551
186	황태지 (황광희, 태양, 지드래곤)	남성	그룹	11295
187	형돈이와 대준이	남성	그룹	6952
188	솔지	여성	솔로	12557
189	동방신기 (TVXQ!)	남성	그룹	38061
190	김하온 (HAON)	남성	솔로	53271
191	WINNER	남성	그룹	211739
192	우원재	남성	솔로	58495
193	펀치 (Punch)	여성	솔로	48114
194	김현정	여성	솔로	4290
195	HI SUHYUN	여성	그룹	9787
196	폴킴	남성	솔로	149583
197	바이브	남성	그룹	38319
198	허니 패밀리	남성	그룹	787
199	옥상달빛	여성	그룹	36069
200	박칼린	여성	솔로	125
201	트루디 (Truedy)	여성	솔로	3132
202	수지 (SUZY)	여성	솔로	46762
203	임슬옹	남성	솔로	3133
204	브라이언	남성	솔로	3179
205	정준하 X ZICO	남성	그룹	1413
206	한승희	남성	솔로	1702
207	주헌 (몬스타엑스)	남성	솔로	14015
208	Amber Liu (엠버)	여성	솔로	9096
209	aespa	여성	그룹	18276
210	김민규 (Young Kay)	남성	솔로	5476
211	클래지콰이	혼성	그룹	14523
212	빈첸	남성	솔로	57734
213	백아연	여성	솔로	38514
214	매드클라운	남성	솔로	63307
215	김용준	남성	솔로	2740
216	이루	남성	솔로	1644
217	케이시 (Kassy)	여성	솔로	41083
218	프라이머리	남성	솔로	67552
219	지소울 (GSoul)	남성	솔로	23138
220	김동률	남성	솔로	86933
221	창모 (CHANGMO)	남성	솔로	121635
222	칸토	남성	솔로	6001
223	처진 달팽이 (유재석 & 이적)	남성	그룹	1883
224	임재현	남성	솔로	10975
225	정기고	남성	솔로	21090
226	G-DRAGON	남성	솔로	140239
227	양세형 X BewhY	남성	그룹	1319
228	김세정	여성	솔로	47880
229	이수현	여성	솔로	22462
230	이문세	남성	솔로	29383
231	김지수	남성	솔로	4827
232	박정민	남성	솔로	1455
233	임재범	남성	솔로	15245
234	백예린 (Yerin Baek)	여성	솔로	146751
235	영준 (브라운 아이드 소울)	남성	솔로	4736
236	블락비 바스타즈	남성	그룹	30180
237	EXO-K	남성	그룹	130969
238	저스디스 (JUSTHIS)	남성	솔로	42069
239	멜로망스	남성	그룹	70465
240	Pro C (프로씨)	남성	그룹	466
241	AOA	여성	그룹	55173
242	효린	여성	솔로	22384
243	그리 (GREE)	남성	솔로	5026
244	B.I	남성	솔로	31776
245	나인뮤지스	여성	그룹	14844
246	Apink BnN (보미,남주)	여성	그룹	13401
247	민경훈	남성	솔로	21246
248	킬라그램 (KILLAGRAMZ)	남성	솔로	3502
249	Pinkrush	여성	그룹	1148
250	술제이 (Sool J)	남성	솔로	2908
251	정진운	남성	솔로	1600
252	김장훈	남성	솔로	1962
253	크리스티나	여성	솔로	84
254	Lil tachi	남성	솔로	9287
255	김진표	남성	솔로	4642
256	려욱 (RYEOWOOK)	남성	솔로	16496
257	SUPER JUNIOR (슈퍼주니어)	남성	그룹	66047
258	보이비	남성	솔로	5372
259	김소리	여성	솔로	215
260	케이윌	남성	솔로	92944
261	문문 (MoonMoon)	남성	솔로	24844
262	길구봉구	남성	그룹	21150
263	미도와 파라솔	혼성	그룹	9299
264	강지영	여성	솔로	1383
265	김경희	여성	솔로	3939
266	MC몽	남성	솔로	60480
267	가호 (Gaho)	남성	솔로	9195
268	선미	여성	솔로	47458
269	데프콘	남성	솔로	7136
270	권진아	여성	솔로	54621
271	BMK	여성	솔로	3232
272	스컬	남성	솔로	3984
273	슬레이트	남성	그룹	7516
274	Zion.T	남성	솔로	138456
275	황광희 X 개코	남성	그룹	1621
276	이창민	남성	솔로	2102
277	철싸 (노홍철 & 싸이)	남성	그룹	251
278	슈퍼스타K 2	혼성	그룹	23
279	곽진언	남성	솔로	24532
280	웬디 (WENDY)	여성	솔로	40463
281	M&N (미료&나르샤)	여성	그룹	720
282	나몰라패밀리JW	남성	솔로	263
283	신지수	여성	솔로	2631
284	윤현상	남성	솔로	21632
285	유영진	남성	솔로	1961
286	엠씨더맥스 (M.C the MAX)	남성	그룹	116274
287	박화요비	여성	솔로	15268
288	박진영	남성	솔로	16331
289	소울다이브	남성	그룹	1881
290	Justin Timberlake	남성	솔로	11510
291	김광석	남성	솔로	40990
292	스피드	남성	그룹	1124
293	혁오 (HYUKOH)	남성	그룹	120290
294	Make Some Noise	여성	그룹	667
295	하리	여성	솔로	1150
296	아이비	여성	솔로	2945
297	이해리 (다비치)	여성	솔로	17327
298	레이디 제인	여성	솔로	922
299	은정 (티아라)	여성	솔로	3015
300	에이트	혼성	그룹	5005
301	환희	남성	솔로	12094
302	소향	여성	솔로	17020
303	윤종신	남성	솔로	81080
304	Homme (창민, 이현)	남성	그룹	5753
305	Illson (더블케이)	남성	솔로	7547
306	김민석 (멜로망스)	남성	솔로	9432
307	딕펑스 (DICKPUNKS)	남성	그룹	18159
308	이천원	남성	그룹	1152
309	홍진영	여성	솔로	25068
310	V.One	남성	솔로	1563
311	지나	여성	솔로	4644
312	쇼콜라	여성	그룹	328
313	거미	여성	솔로	62223
314	환불원정대	여성	그룹	16313
315	방용국	남성	솔로	7405
316	세븐틴	남성	그룹	200553
317	2NE1	여성	그룹	55107
318	애프터스쿨	여성	그룹	4923
319	김경록 (V.O.S)	남성	솔로	1132
320	Kei (러블리즈)	여성	솔로	14323
321	JAMIE (제이미)	여성	솔로	18039
322	송혜교	여성	솔로	402
323	베이지	여성	솔로	2880
324	릴보이 (lIlBOI)	남성	솔로	24257
325	김그림	여성	솔로	3282
326	유주 (여자친구)	여성	솔로	22619
327	먼데이 키즈 (Monday Kiz)	남성	솔로	38659
328	서은광 (비투비)	남성	솔로	51271
329	영지	여성	솔로	2603
330	마리오	남성	솔로	562
331	Junoflo (주노플로)	남성	솔로	4896
332	규현 (KYUHYUN)	남성	솔로	64084
333	조관우	남성	솔로	1712
334	김보경 (NEON)	여성	솔로	12423
335	돈 스파이크	남성	솔로	356
336	개코	남성	솔로	25958
337	DAY6 (데이식스)	남성	그룹	107630
338	버스커 버스커	남성	그룹	68865
339	맥케이 (McKay)	남성	솔로	4705
340	한경일	남성	솔로	2242
341	울랄라세션	남성	그룹	10044
342	남우현	남성	솔로	38987
343	라디 (Ra. D)	남성	솔로	21101
344	Wanna One (워너원) - 트리플포지션	남성	그룹	24145
345	FTISLAND (FT아일랜드)	남성	그룹	28195
346	레게 강 같은 평화	남성	그룹	5674
347	송가인	여성	솔로	21967
348	이기찬	남성	솔로	3998
349	장범준	남성	솔로	101561
350	F-ve Dolls	여성	그룹	846
351	스윙스	남성	솔로	66704
352	붐	남성	솔로	468
353	유아 (오마이걸)	여성	솔로	15646
354	견우 (Kyunwoo)	남성	솔로	1183
355	이수 (엠씨더맥스)	남성	솔로	25798
356	이영현	여성	솔로	5430
357	기리보이	남성	솔로	163112
358	솔라 (마마무)	여성	솔로	46603
359	톱밥	남성	솔로	589
360	마크툽 (MAKTUB)	남성	솔로	28911
361	J.Lee	남성	솔로	7838
362	이승환	남성	솔로	27070
363	정용화 (CNBLUE)	남성	솔로	15171
364	Jessica (제시카)	여성	솔로	16782
365	홍대광	남성	솔로	18614
366	It's	남성	그룹	1887
367	그루비룸 (GroovyRoom)	남성	그룹	43203
368	이루마	남성	솔로	22765
369	장희영	여성	솔로	2045
370	HUS (허밍어반스테레오)	남성	솔로	10432
371	투개월	혼성	그룹	3591
372	한선화	여성	솔로	1113
373	라니아	여성	그룹	1303
374	신현희와김루트	혼성	그룹	12186
375	KUSH (쿠시)	남성	솔로	613
376	블락비 (Block B)	남성	그룹	120747
377	브라운 아이드 소울	남성	그룹	49706
378	다이나믹 듀오	남성	그룹	84759
379	일렉트로보이즈	남성	그룹	1273
380	어반자카파	혼성	그룹	102612
381	볼빨간사춘기	여성	솔로	259093
382	박명수 X 딘딘	남성	그룹	849
383	태용 (TAEYONG)	남성	솔로	18361
384	The Apple	혼성	그룹	12
385	산들	남성	솔로	27224
386	란 (RAN)	여성	솔로	2471
387	쿠기 (Coogie)	남성	솔로	24515
388	수호 (SUHO)	남성	솔로	2575
389	슬기 (SEULGI)	여성	솔로	35369
390	스피카	여성	그룹	5867
391	B1A4	남성	그룹	51462
392	윤하 (YOUNHA)	여성	솔로	95202
393	나윤권	남성	솔로	17090
394	유재환	남성	솔로	6184
395	지누션	남성	그룹	5540
396	바비 킴	남성	솔로	6148
397	샘김 (Sam Kim)	남성	솔로	41478
398	(여자)아이들	여성	그룹	85181
399	유성은	여성	솔로	21000
400	찬열 (CHANYEOL)	남성	솔로	141811
401	신효범	여성	솔로	971
402	전소미	여성	솔로	23874
403	채동하	남성	솔로	2322
404	레이디스 코드	여성	그룹	28777
405	아이유	여성	솔로	736641
406	GD&TOP	남성	그룹	26213
407	제이스	여성	솔로	1466
408	알렉스	남성	솔로	1896
409	로이킴	남성	솔로	71621
410	빅마마	여성	그룹	4846
411	크레용팝	여성	그룹	6664
412	이비아	여성	솔로	2351
413	요조	여성	솔로	12536
414	김은영	여성	솔로	19563
415	비투비-블루	남성	그룹	41273
416	사이먼 도미닉	남성	솔로	72330
417	마이티 마우스	남성	그룹	2364
418	화사 (Hwa Sa)	여성	솔로	60870
419	베이비소울 (러블리즈)	여성	솔로	7015
420	Supreme Team	남성	그룹	21775
421	이특 (LEETEUK)	남성	솔로	5955
422	이정아	여성	솔로	1129
423	임창정	남성	솔로	95165
424	Eye To Eye	여성	그룹	692
425	MAN1AC	남성	솔로	690
426	모모랜드 (MOMOLAND)	여성	그룹	15692
427	김희철	남성	솔로	12438
428	Dok2	남성	솔로	71679
429	전상근	남성	솔로	11001
430	김건모	남성	솔로	17341
431	포스트맨(Postmen)	남성	그룹	13404
432	JOO	여성	솔로	5181
433	이재훈 (쿨)	남성	솔로	3632
434	LC9	남성	그룹	108
435	유재석 X Dok2	남성	그룹	1039
436	디오 (D.O.)	남성	솔로	150413
437	에이치코드 (H:CODE)	남성	솔로	3896
438	정형돈	남성	솔로	2942
439	The Quiett	남성	솔로	54090
440	김동희	여성	솔로	2714
441	미지	여성	그룹	428
442	국민의 아들	남성	그룹	16277
443	포이트리	남성	그룹	257
444	제니 (JENNIE)	여성	솔로	35237
445	정효빈	여성	솔로	5890
446	오렌지 캬라멜	여성	그룹	13206
447	애프터스쿨 BLUE	여성	그룹	505
448	손승연	여성	솔로	20702
449	임한별	남성	솔로	14105
450	Tablo	남성	솔로	18056
451	김도현	남성	솔로	122
452	포맨	남성	그룹	48319
453	잔나비	남성	그룹	109211
454	레이나 (Raina)	여성	솔로	7228
455	김연우	남성	솔로	35937
456	이현	남성	솔로	3687
457	시크릿	여성	그룹	9497
458	김남주(에이핑크)	여성	솔로	16870
459	C-CLOWN	남성	그룹	4308
460	Bruno Mars	남성	솔로	93430
461	NCT DREAM	남성	그룹	141345
462	니엘	남성	솔로	7700
463	MC 스나이퍼	남성	솔로	16849
464	윤도현	남성	솔로	17989
465	주비스	여성	그룹	447
466	미스터 파파	남성	그룹	75
467	트로이 (범키, 칸토, 재웅, 창우)	남성	그룹	2078
468	싸이 (PSY)	남성	솔로	41175
469	#Gun	남성	솔로	4191
470	레드애플	남성	그룹	1401
471	루피 (Loopy)	남성	솔로	31745
472	공기남	남성	솔로	10840
473	조이 (JOY)	여성	솔로	43223
474	민아 (걸스데이)	여성	솔로	9763
475	으뜨거따시 (하하, 자이언티)	남성	그룹	2211
476	허성현 (Huh!)	남성	솔로	5462
477	에릭남 (Eric Nam)	남성	솔로	39710
478	이승훈	남성	솔로	25277
479	모트 (Motte)	여성	솔로	18499
480	MASTA WU	남성	솔로	2030
481	노지훈	남성	솔로	2105
482	자우림	혼성	그룹	35545
483	태양	남성	솔로	69278
484	베이식 (Basick)	남성	솔로	11246
485	에피톤 프로젝트	남성	솔로	41157
486	인순이	여성	솔로	2191
487	씨리얼	여성	그룹	236
488	V	남성	솔로	163198
489	서인영	여성	솔로	5454
490	살찐고양이	여성	솔로	733
491	오종혁	남성	솔로	1204
492	김재환	남성	솔로	58776
493	숙희	여성	솔로	5923
494	소녀시대-태티서 (Girls' Generation-TTS)	여성	그룹	37379
495	2AM	남성	그룹	9007
496	XIA (준수)	남성	솔로	55140
497	소녀온탑	여성	솔로	2662
498	소울스타 (SOULSTAR)	남성	그룹	7027
499	인피니트H	남성	그룹	31719
500	MINO (송민호)	남성	솔로	90680
501	타우	남성	솔로	189
502	린	여성	솔로	44746
503	김경호	남성	솔로	12718
504	나얼	남성	솔로	52399
505	EXO	남성	그룹	527379
506	임세준	남성	솔로	12620
507	B.A.P	남성	그룹	24947
508	브레이브걸스	여성	그룹	43868
509	Apink (에이핑크)	여성	그룹	139149
510	황인욱	남성	솔로	9285
511	Knock	남성	그룹	3981
512	YB	남성	그룹	16936
513	이장우	남성	솔로	264
514	오마이걸 (OH MY GIRL)	여성	그룹	119036
515	하은	남성	솔로	8998
516	JBJ	남성	그룹	26195
517	센치한 하하 (하하 & 10cm)	남성	그룹	460
518	김준수	남성	솔로	55140
519	장기하와 얼굴들	남성	그룹	20816
520	형용돈죵 (정형돈 & G-DRAGON)	남성	그룹	2154
521	배다해	여성	솔로	1190
522	이보람	여성	솔로	3995
523	김완선	여성	솔로	2338
524	토이	남성	솔로	50498
525	지민	남성	솔로	137545
526	AB6IX (에이비식스)	남성	그룹	32719
527	런치 (LUNCH)	여성	솔로	2242
528	헤이즈 (Heize)	여성	솔로	152376
529	가인	여성	솔로	27472
530	정승환	남성	솔로	99954
531	양파	여성	솔로	9949
532	미료	여성	솔로	2772
533	NCT 127	남성	그룹	138331
534	원티드	남성	그룹	2572
535	TWICE (트와이스)	여성	그룹	214135
536	정준영	남성	솔로	20483
537	S.E.S.	여성	그룹	12657
538	피기돌스	여성	그룹	213
539	송지은	여성	솔로	7592
540	유산슬	남성	솔로	11849
541	티아라	여성	그룹	20747
542	배치기	남성	그룹	16357
543	마이키	남성	솔로	201
544	이지영 (빅마마)	여성	솔로	584
545	용감한 녀석들	혼성	그룹	537
546	걸스데이	여성	그룹	53837
547	DEAN	남성	솔로	159348
548	정은지	여성	솔로	63690
549	민현 (뉴이스트)	남성	솔로	59721
550	YDG	남성	솔로	7712
551	그냥노창	남성	솔로	36619
552	루나 (LUNA)	여성	솔로	10981
553	아이오아이 (I.O.I)	여성	그룹	78096
554	엠블랙	남성	그룹	5207
555	메이비 (Maybee)	여성	솔로	1837
556	WIN	남성	그룹	10239
557	대성	남성	솔로	25918
558	김나영	여성	솔로	58687
559	화려강산	여성	그룹	845
560	BIGBANG	남성	그룹	261922
561	민서	여성	솔로	16877
562	레인보우 블랙	여성	그룹	897
563	프리스타일	남성	그룹	6028
564	SUPER JUNIOR-D&E	남성	그룹	21600
565	신지훈	여성	솔로	6833
566	HYNN (박혜원)	여성	솔로	27557
567	Wanna One (워너원) - 남바완	남성	그룹	15711
568	양정승	남성	솔로	1801
569	씨야	여성	그룹	11960
570	블랙넛 (Black Nut)	남성	솔로	39992
571	별	여성	솔로	7276
572	달마시안 (DMTN)	남성	그룹	732
573	태일 (블락비)	남성	솔로	21790
574	NS 윤지	여성	솔로	5415
575	태사비애	여성	그룹	3449
576	조권	남성	솔로	3801
577	멜로디데이 (MelodyDay)	여성	그룹	6969
578	SURAN (수란)	여성	솔로	39678
579	애즈원	여성	그룹	10773
580	2YOON (포미닛 투윤)	여성	그룹	971
581	희진 (GOOD DAY)	여성	솔로	1165
582	육지담	여성	솔로	5417
583	방예담	남성	솔로	5589
584	벤	여성	솔로	82786
585	Raiden	남성	솔로	995
586	닐로(Nilo)	남성	솔로	18389
587	박봄 (Park Bom)	여성	솔로	16160
588	이수영	여성	솔로	18305
589	카더가든	남성	솔로	53432
590	양홍원	남성	솔로	32848
591	SIXC (6 crazy)	남성	그룹	1109
592	바닷길 (길 & 바다)	혼성	그룹	237
593	유두래곤	남성	솔로	1963
594	신혜성	남성	솔로	17220
595	태민 (TAEMIN)	남성	솔로	67004
596	성훈 (브라운 아이드 소울)	남성	솔로	2676
597	7 go up	여성	그룹	1515
598	MFBTY	혼성	그룹	6581
599	이승철	남성	솔로	21612
600	제이레빗(J Rabbit)	여성	그룹	50616
601	플라이 투 더 스카이	남성	그룹	35585
602	지코 (ZICO)	남성	솔로	190505
603	노라조	남성	그룹	11063
604	이소라	여성	솔로	37086
605	아이언	남성	솔로	18447
606	소녀시대-Oh!GG	여성	그룹	7524
607	펜타곤	남성	그룹	21542
608	여자친구 (GFRIEND)	여성	그룹	129614
609	신용재 (2F)	남성	솔로	32074
610	G.A.B (길 & BoA)	혼성	그룹	40
611	식케이 (Sik-K)	남성	솔로	48762
612	임영웅	남성	솔로	84053
613	이선희	여성	솔로	34825
614	치타 (CHEETAH)	여성	솔로	19563
615	백지영	여성	솔로	34758
616	김진호 (SG워너비)	남성	솔로	17646
617	길미	여성	솔로	3610
618	Ab 에비뉴	여성	그룹	359
619	트러블메이커	혼성	그룹	7123
620	제이세라	여성	솔로	8566
621	GG (박명수 & G-Dragon)	남성	그룹	1915
622	유엔	남성	그룹	2687
623	김원주 (2F)	남성	솔로	2117
624	이루펀트	남성	그룹	10075
625	GD X TAEYANG	남성	그룹	26268
626	하성운	남성	솔로	50846
627	C JAMM	남성	솔로	54481
628	양다일	남성	솔로	60902
629	써니사이드	남성	그룹	1148
630	박완규	남성	솔로	4684
631	이설아	여성	솔로	2806
632	태연 (TAEYEON)	여성	솔로	224854
633	버블 시스터즈	여성	그룹	3555
634	부활	남성	그룹	13219
635	장혜진	여성	솔로	7542
636	2LSON	혼성	그룹	16169
637	송이한	남성	솔로	3041
638	제아파이브	남성	그룹	975
639	신예영	여성	솔로	4939
640	V.O.S	남성	그룹	14440
641	니모	여성	솔로	520
642	헬로비너스	여성	그룹	5997
643	ITZY (있지)	여성	그룹	50746
644	신보라	여성	솔로	1851
645	나플라 (nafla)	남성	솔로	43206
646	하우두유둘 (유재석 & 유희열)	남성	그룹	553
647	윤혁(디셈버)	남성	솔로	973
648	윤민수(바이브)	남성	솔로	14625
649	허각	남성	솔로	58778
650	버즈	남성	그룹	62804
651	러블리즈	여성	그룹	52175
652	BewhY (비와이)	남성	솔로	88130
653	이유 갓지(GOD G) 않은 이유 (박명수, 아이유)	혼성	그룹	9788
654	선재 (snzae)	남성	솔로	3879
655	테이스티	남성	그룹	738
656	김태우	남성	솔로	11725
657	비	남성	솔로	16578
658	장우혁	남성	솔로	5065
659	정인	여성	솔로	22321
660	김현중	남성	솔로	2983
661	소유 (SOYOU)	여성	솔로	29777
662	스탠딩 에그	남성	그룹	95091
663	오담률 (김농밀)	남성	솔로	7202
664	유키스	남성	그룹	2447
665	거머리 (박명수 & 프라이머리)	남성	그룹	209
666	김효은	남성	솔로	15990
667	가비엔제이	여성	그룹	15122
668	Wanna One (워너원)	남성	그룹	235209
669	용준형	남성	솔로	40777
670	린다G	여성	솔로	3501
671	HIGH4 (하이포)	남성	그룹	2645
672	조용필	남성	솔로	9715
673	스윗소로우 (SWEET SORROW)	남성	그룹	14736
674	데프콘	남성	솔로	7136
675	레인보우 픽시	여성	그룹	495
676	50kg	남성	그룹	106
677	god	남성	그룹	56583
678	정준일	남성	솔로	61470
679	오반 (OVAN)	남성	솔로	32666
680	윤비 (YunB)	남성	솔로	3165
681	Sondia	여성	솔로	6968
682	나비	여성	솔로	16376
683	김종국	남성	솔로	11127
684	허니지 (Honey-G)	남성	그룹	1453
685	뚱스	남성	그룹	353
686	타이니지	여성	그룹	884
687	S.M. THE BALLAD	혼성	그룹	5822
688	최자	남성	솔로	3408
689	더 포지션	남성	솔로	3557
690	하동균	남성	솔로	19503
691	GOT7 (갓세븐)	남성	그룹	95026
692	개리	남성	솔로	38630
693	보이프렌드	남성	그룹	6699
694	딥플로우	남성	솔로	9659
695	40	남성	솔로	30984
696	지선	여성	솔로	2469
697	하림	남성	솔로	5826
698	015B	남성	그룹	8924
699	김필	남성	솔로	46258
700	오대천왕 (정형돈, 밴드 혁오)	남성	그룹	2576
701	나다 (NADA)	여성	솔로	3148
702	은지원	남성	솔로	20916
703	스텔라	여성	그룹	5283
704	윤두준	남성	솔로	35857
705	코드 쿤스트 (CODE KUNST)	남성	솔로	33935
706	진운	남성	솔로	962
707	클래지	남성	솔로	319
708	KATIE	여성	솔로	12359
709	미스에스	여성	그룹	3753
710	제아	여성	솔로	3996
711	일 락	남성	솔로	1335
712	하현우 (국카스텐)	남성	솔로	29828
713	유나킴	여성	솔로	2675
714	장덕철	남성	그룹	13660
715	슬리피	남성	솔로	4257
716	KCM	남성	솔로	8106
717	에디킴	남성	솔로	31698
718	Khundi Panda	남성	솔로	8434
719	레인보우	여성	그룹	7235
720	범키	남성	솔로	28191
721	무한도전	남성	그룹	18954
722	인크레더블	남성	솔로	2010
723	CHEEZE (치즈)	여성	솔로	85794
724	아웃사이더	남성	솔로	10898
725	소지섭	남성	솔로	2870
726	수퍼비	남성	솔로	48833
727	San E	남성	솔로	87799
728	빈지노 (Beenzino)	남성	솔로	131598
729	언프리티 랩스타 2	여성	그룹	982
730	SHY (손호영)	남성	솔로	6081
731	언니쓰	여성	그룹	11996
732	애프터스쿨 RED	여성	그룹	382
733	이승기	남성	솔로	32474
734	티파니 (TIFFANY)	여성	솔로	24265
735	BILL STAX (빌스택스)	남성	솔로	29521
736	투하트 (우현, 키)	남성	그룹	20785
737	손담비	여성	솔로	2307
738	마야	여성	솔로	2153
739	윤건	남성	솔로	12004
740	장미하관 (노홍철 & 장미여관)	남성	그룹	181
741	2BIC(투빅)	남성	그룹	17264
742	브라운아이드걸스	여성	그룹	21169
743	M.I.B	남성	그룹	2579
744	임도혁	남성	솔로	2435
745	순순희	남성	그룹	2236
746	드렁큰 타이거	남성	솔로	13764
747	Red Velvet (레드벨벳)	여성	그룹	256857
748	iKON	남성	그룹	124461
749	박재범	남성	솔로	110512
750	AOA CREAM	여성	그룹	4154
751	팔로알토 (Paloalto)	남성	솔로	30343
752	Bro	남성	솔로	3206
753	터보	남성	그룹	10810
754	토니 안	남성	솔로	3755
755	Rohann (이로한)	남성	솔로	15273
756	서태지	남성	솔로	19048
757	버벌진트	남성	솔로	37147
758	이진성 (먼데이 키즈)	남성	솔로	3405
759	넉살	남성	솔로	25689
760	제이워크	남성	그룹	9240
761	세훈&찬열	남성	그룹	38371
762	4minute	여성	그룹	15839
763	디아	여성	솔로	4423
764	SG 워너비	남성	그룹	55054
765	성시경	남성	솔로	114273
766	다비치	여성	그룹	124177
767	글램	여성	그룹	467
768	에이프릴 (APRIL)	여성	그룹	21605
769	M시그널	남성	그룹	131
770	병살 (정준하 & 김C)	남성	그룹	68
771	월하소년 (月下少年)	남성	솔로	2485
772	김재석	남성	솔로	418
773	장우영	남성	솔로	5268
774	김범수	남성	솔로	37849
775	헨리 (HENRY)	남성	솔로	29747
776	마마무 (Mamamoo)	여성	그룹	232414
777	ILLIONAIRE RECORDS	남성	그룹	38247
778	싹쓰리 (유두래곤, 린다G, 비룡)	혼성	그룹	39949
779	마미손	남성	솔로	14233
780	태완 (Taewan)	남성	솔로	2796
781	강민경 (다비치)	여성	솔로	9486
782	Wanna One (워너원) - 더힐	남성	그룹	17039
783	쥬얼리	여성	그룹	1833
784	엔플라잉 (N.Flying)	남성	그룹	32149
785	BOBBY	남성	솔로	67214
786	소피야 (Sophiya)	여성	솔로	3640
787	앤씨아	여성	솔로	8051
788	초아	여성	솔로	11239
789	행주	남성	솔로	10424
790	뉴챔프	남성	솔로	2328
791	Crush	남성	솔로	217148
792	박원	남성	솔로	48692
793	Lim Kim	여성	솔로	22848
794	MFBTY	혼성	그룹	6580
795	JJ	여성	솔로	206
796	지아	여성	솔로	40805
797	백청강	남성	솔로	2344
798	김민지	여성	솔로	24
799	이우	남성	솔로	5864
800	더 네임	남성	솔로	2054
801	10CM	남성	솔로	154723
802	더 넛츠 (The NuTs)	남성	그룹	3064
803	경서	여성	솔로	4012
804	Wanna One (워너원) - 린온미	남성	그룹	17710
805	CNBLUE (씨엔블루)	남성	그룹	22147
806	수펄스	여성	그룹	92
807	CL	여성	솔로	16446
808	박효신	남성	솔로	253913
809	임정희	여성	솔로	7502
810	윤성기	남성	솔로	234
811	김조한	남성	솔로	3886
812	카라	여성	그룹	13912
813	플라워	남성	그룹	6064
814	디셈버	남성	그룹	15516
815	휘성 (Realslow)	남성	솔로	35405
816	JUNIEL(서아)	여성	솔로	18900
817	UV	남성	그룹	4092
818	젝스키스	남성	그룹	49258
819	이기광	남성	솔로	35847
820	변진섭	남성	솔로	4654
821	윤아 (YOONA)	여성	솔로	20628
822	비스트	남성	그룹	128649
823	박지윤	여성	솔로	12554
824	천상지희 다나&선데이	여성	그룹	295
825	루이 (긱스)	남성	솔로	8144
826	윤미래	여성	솔로	50811
827	에픽하이 (EPIK HIGH)	남성	그룹	107462
828	달샤벳	여성	그룹	5827
829	셰인	남성	솔로	280
830	노을	남성	그룹	42393
831	나몰라패밀리N	남성	그룹	433
832	고유진 (플라워)	남성	솔로	3009
833	Kid Milli	남성	솔로	66776
834	주석	남성	솔로	1934
835	슈퍼스타K 3	혼성	그룹	250
836	세븐티핑거스 (하하 & 장기하와 얼굴들)	남성	그룹	102
